field,value,count
OrganisationLabel,"",11548
OrganisationLabel,London Borough of Camden,3975
OrganisationLabel,Southwark Council,1826
OrganisationLabel,Manchester City Council,1019
OrganisationLabel,Haringey Council,923
OrganisationLabel,City of Bradford Metropolitan District Council,859
OrganisationLabel,Croydon Council,759
OrganisationLabel,Brighton & Hove City Council,712
OrganisationLabel,Leeds City Council,708
OrganisationLabel,London Borough of Wandsworth,691
OrganisationLabel,Barnet London Borough Council,691
OrganisationLabel,London Borough of Brent,658
OrganisationLabel,Bristol City Council,651
OrganisationLabel,Sheffield City Council,631
OrganisationLabel,London Borough of Islington,570
OrganisationLabel,London Borough of Redbridge,558
OrganisationLabel,Cheshire West and Chester Council,537
OrganisationLabel,London Borough of Lewisham,497
OrganisationLabel,Royal Borough Of Greenwich,487
OrganisationLabel,Sandwell MBC,437
OrganisationLabel,Gateshead Council,426
OrganisationLabel,Reading Borough Council,414
OrganisationLabel,Harrow Council,408
OrganisationLabel,Westminster City Council,404
OrganisationLabel,Birmingham City Council,404
OrganisationLabel,Nottingham City Council,366
OrganisationLabel,London Borough of Newham,365
OrganisationLabel,Royal Borough of Kensington and Chelsea,355
OrganisationLabel,Woking Borough Council,348
OrganisationLabel,Plymouth City Council,342
OrganisationLabel,Northumberland County Council,340
OrganisationLabel,Stoke-on-Trent City Council,332
OrganisationLabel,Leicester City Council,330
OrganisationLabel,Walsall Council,320
OrganisationLabel,Kingston upon Thames,320
OrganisationLabel,London Borough of Richmond upon Thames,309
OrganisationLabel,St. Helens Borough Council,304
OrganisationLabel,Kirklees Council,301
OrganisationLabel,Wakefield Council,299
OrganisationLabel,Sevenoaks District Council,294
OrganisationLabel,Norwich City Council,293
OrganisationLabel,Stratford-On-Avon District Council,292
OrganisationLabel,City of York Council,292
OrganisationLabel,Charnwood Borough Council,290
OrganisationLabel,Coventry City Council,270
OrganisationLabel,Swindon Borough Council,267
OrganisationLabel,E06000007,258
OrganisationLabel,Old Oak & Park Royal Development Corporation,255
OrganisationLabel,London Borough of Hillingdon,252
OrganisationLabel,London Borough of Bromley,249
OrganisationLabel,Borough of Poole,245
OrganisationLabel,Luton Council,244
OrganisationLabel,Guildford,238
OrganisationLabel,Newcastle upon Tyne,236
OrganisationLabel,Cornwall Council,235
OrganisationLabel,Herefordshire Council,228
OrganisationLabel,Wycombe District Council,219
OrganisationLabel,Cannock Chase Council,219
OrganisationLabel,Salford City Council,211
OrganisationLabel,London Borough of Lambeth,210
OrganisationLabel,Ealing Council,210
OrganisationLabel,Harrogate Borough Council,205
OrganisationLabel,London Borough of Merton,204
OrganisationLabel,Slough Borough Council,200
OrganisationLabel,Northampton Borough Council,199
OrganisationLabel,Basildon Borough Council,197
OrganisationLabel,Basingstoke & Deane Borough Council,194
OrganisationLabel,Eden District Council,193
OrganisationLabel,Rotherham Metropolitan Borough Council,192
OrganisationLabel,Barking and Dagenham,189
OrganisationLabel,Welwyn Hatfield Borough Council,185
OrganisationLabel,Lichfield District Council,181
OrganisationLabel,Ipswich Borough Council,180
OrganisationLabel,East Staffordshire Borough Council,179
OrganisationLabel,Doncaster MBC,178
OrganisationLabel,London Borough of Waltham Forest,174
OrganisationLabel,Bournemouth Borough Council,173
OrganisationLabel,Sefton Metropolitan Borough Council,171
OrganisationLabel,Wiltshire Council,166
OrganisationLabel,Wirral,165
OrganisationLabel,North Lincolnshire Council,162
OrganisationLabel,Milton Keynes Council,161
OrganisationLabel,"""Kingston upon Hull, City of""",161
OrganisationLabel,Tunbridge Wells Borough Council,156
OrganisationLabel,South Gloucestershire Council,153
OrganisationLabel,North Devon Council,153
OrganisationLabel,London Borough of Bexley,153
OrganisationLabel,London Borough of Havering,152
OrganisationLabel,Scarborough Borough Council,150
OrganisationLabel,Surrey Heath Borough Council,149
OrganisationLabel,Bolton Council,149
OrganisationLabel,Torbay Council,147
OrganisationLabel,Tandridge District Council,147
OrganisationLabel,Warrington Borough Council,144
OrganisationLabel,North Tyneside Council,144
OrganisationLabel,Nuneaton and Bedworth Borough Council,142
OrganisationLabel,Oldham Council,141
OrganisationLabel,Waverley Borough Council,131
OrganisationLabel,Cheltenham Borough Council,131
OrganisationLabel,Bury Council,129
OrganisationLabel,South Ribble,128
OrganisationLabel,Reigate & Banstead Borough Council,128
OrganisationLabel,Halton Borough Council,126
OrganisationLabel,Cherwell District Council,126
OrganisationLabel,North Somerset Council,125
OrganisationLabel,Lewes District Council,125
OrganisationLabel,Waveney District Council,124
OrganisationLabel,Fareham Borough Council,124
OrganisationLabel,Sunderland,123
OrganisationLabel,Bedford Borough Council,123
OrganisationLabel,Telford & Wrekin Council,122
OrganisationLabel,Eastbourne Borough Council,118
OrganisationLabel,Oxford City Council,117
OrganisationLabel,New Forest District Council,117
OrganisationLabel,Teignbridge District Council,116
OrganisationLabel,Chorley,113
OrganisationLabel,Boston Borough Council,112
OrganisationLabel,Chelmsford City Council,110
OrganisationLabel,Mid Sussex District Council,109
OrganisationLabel,Durham County Council,108
OrganisationLabel,Calderdale Metropolitan District Council,108
OrganisationLabel,Horsham District Council,106
OrganisationLabel,Derbyshire Dales District Council,106
OrganisationLabel,Worcester City Council,103
OrganisationLabel,Wokingham Borough Council,103
OrganisationLabel,London Borough of Sutton,103
OrganisationLabel,Newcastle City Council,101
OrganisationLabel,Isle of Wight Council,100
OrganisationLabel,Worthing Borough Council,99
OrganisationLabel,Hart District Council,99
OrganisationLabel,East Riding of Yorkshire,99
OrganisationLabel,Forest of Dean District Council,98
OrganisationLabel,Borough Council of Kings Lynn and West Norfolk,98
OrganisationLabel,Barnsley Metropolitan Borough Council,98
OrganisationLabel,Reigate & Banstead,97
OrganisationLabel,Brentwood Borough Council,96
OrganisationLabel,West Berkshire District Council,95
OrganisationLabel,Knowsley Metropolitan Borough Council,95
OrganisationLabel,East Devon District Council,95
OrganisationLabel,Stockport Council,94
OrganisationLabel,Chesterfield Borough Council,92
OrganisationLabel,Portsmouth City Council,91
OrganisationLabel,Epping Forest District Council,91
OrganisationLabel,Amber Valley,91
OrganisationLabel,Thurrock,90
OrganisationLabel,Havant Borough Council,90
OrganisationLabel,Selby District Council,88
OrganisationLabel,North Hertfordshire District Council,88
OrganisationLabel,Dartford Borough Council,88
OrganisationLabel,Canterbury City Council,88
OrganisationLabel,Tameside Metropolitan Borough Council,87
OrganisationLabel,South Oxfordshire District Council,86
OrganisationLabel,Hackney,86
OrganisationLabel,CravenDistrictCouncil,86
OrganisationLabel,Copeland  Borough Council,86
OrganisationLabel,Middlesbrough Borough Council,85
OrganisationLabel,West Lindsey District Council,84
OrganisationLabel,Tendring District Council,84
OrganisationLabel,South Cambridgeshire District Council,84
OrganisationLabel,Dorset Council,83
OrganisationLabel,Sedgemoor District Council,82
OrganisationLabel,Ashford Borough Council,82
OrganisationLabel,Shropshire,81
OrganisationLabel,Rossendale Borough Council,81
OrganisationLabel,Christchurch Borough Council,81
OrganisationLabel,Pendle Borough Council,80
OrganisationLabel,Erewash Borough Council,80
OrganisationLabel,Dover District Council,80
OrganisationLabel,Cheshire East Council,80
OrganisationLabel,Barrow Borough Council,80
OrganisationLabel,London Borough of Tower Hamlets,78
OrganisationLabel,Chiltern District Council,78
OrganisationLabel,Wyre Council,77
OrganisationLabel,Thanet District Council,77
OrganisationLabel,Tamworth Borough Council,77
OrganisationLabel,Crawley Borough Council,77
OrganisationLabel,Bath and North East Somerset Council,77
OrganisationLabel,Staffordshire Moorlands District Council,76
OrganisationLabel,Runnymede Borough Council,76
OrganisationLabel,Harlow District Council,76
OrganisationLabel,traffordcouncil,75
OrganisationLabel,Derby,75
OrganisationLabel,Winchester City Council,74
OrganisationLabel,South Somerset,74
OrganisationLabel,Rushmoor Borough Council,74
OrganisationLabel,Hertsmere Borough Council,74
OrganisationLabel,Great Yarmouth,73
OrganisationLabel,Peterborough,72
OrganisationLabel,Elmbridge Borough Council,71
OrganisationLabel,Bassetlaw District Council,71
OrganisationLabel,Three Rivers District Council,68
OrganisationLabel,North Warwickshire Borough Council,67
OrganisationLabel,North East Lincolnshire Council,67
OrganisationLabel,Newcastle-under-Lyme Borough Council,66
OrganisationLabel,Stroud District Council,65
OrganisationLabel,Rother District Council,65
OrganisationLabel,Newark and Sherwood District Council,65
OrganisationLabel,Gosport Borough Council,65
OrganisationLabel,Adur District Council,64
OrganisationLabel,South Holland District Council,62
OrganisationLabel,Broadland District Council,62
OrganisationLabel,Vale of White Horse District Council,61
OrganisationLabel,Hastings Borough Council,61
OrganisationLabel,Castle Point Borough Council,61
OrganisationLabel,Wychavon District Council,60
OrganisationLabel,Wealden District Council,60
OrganisationLabel,Suffolk Coastal District Council,60
OrganisationLabel,Aylesbury Vale,60
OrganisationLabel,Dacorum Borough Council,59
OrganisationLabel,Ashfield District Council,58
OrganisationLabel,Arun District Council,58
OrganisationLabel,North East Derbyshire District Council,57
OrganisationLabel,Gloucester City Council,57
OrganisationLabel,East Lindsey District Council,57
OrganisationLabel,East Dorset District Council,57
OrganisationLabel,Southend Borough Council,56
OrganisationLabel,Bracknell Forest Council (Unitary),56
OrganisationLabel,Mendip District Council,55
OrganisationLabel,Blackpool Council,55
OrganisationLabel,South Bucks District Council,54
OrganisationLabel,Lancaster City Council,54
OrganisationLabel,Carlisle City Council,54
OrganisationLabel,Wyre Forest District Council,53
OrganisationLabel,Watford Borough Council,52
OrganisationLabel,The Broads Authority,52
OrganisationLabel,Stafford Borough Council,52
OrganisationLabel,Braintree District Council,52
OrganisationLabel,Spelthorne Borough Council,51
OrganisationLabel,Solihull Metropolitan Borough Council,51
OrganisationLabel,Weymouth & Portland Borough Council,50
OrganisationLabel,St Albans City and District Council,48
OrganisationLabel,South Norfolk Council,48
OrganisationLabel,South Lakeland District Council,48
OrganisationLabel,Shepway District Council,48
OrganisationLabel,Preston,48
OrganisationLabel,Melton Borough Council,48
OrganisationLabel,Hartlepool Borough Council,48
OrganisationLabel,West Dorset District Council,47
OrganisationLabel,Trafford Council,46
OrganisationLabel,London Borough of Hounslow,45
OrganisationLabel,Hartlepool Borough Coucil,45
OrganisationLabel,Gravesham Borough Council,45
OrganisationLabel,East Cambridgeshire District Council,45
OrganisationLabel,Cotswold District Council,45
OrganisationLabel,Huntingdonshire District Council,44
OrganisationLabel,Taunton Deane Borough Council,43
OrganisationLabel,Oadby and Wigston Borough Council,43
OrganisationLabel,Gedling Borough Council,42
OrganisationLabel,West Lancashire Borough Council,41
OrganisationLabel,Redcar and Cleveland Borough Council,41
OrganisationLabel,Broxtowe,41
OrganisationLabel,North West Leicestershire District Council,39
OrganisationLabel,Hyndburn Borough Council,38
OrganisationLabel,Southampton City Council,37
OrganisationLabel,Medway,37
OrganisationLabel,Burnley Borough Council,37
OrganisationLabel,SOUTH DERBYSHIRE DISTRICT COUNCIL,36
OrganisationLabel,Mole Valley District Council,36
OrganisationLabel,London Borough of Hammersmith and Fulham,36
OrganisationLabel,Bolsover District Council,35
OrganisationLabel,Bromsgrove District Council,34
OrganisationLabel,Stockton-on-Tees Borough Council,33
OrganisationLabel,North Norfolk District Council,33
OrganisationLabel,New Forest National Park,33
OrganisationLabel,Daventry District Council,33
OrganisationLabel,Chichester District Council,33
OrganisationLabel,Blackburn with Darwen Borough Council,33
OrganisationLabel,Warwick District Council,31
OrganisationLabel,Mid Devon,31
OrganisationLabel,West Oxfordshire,30
OrganisationLabel,Swale Borough Council,29
OrganisationLabel,South Staffordshire District Council,29
OrganisationLabel,Rushcliffe Borough Council,29
OrganisationLabel,Enfield Council,27
OrganisationLabel,East Herts Council,27
OrganisationLabel,Dudley Metropolitan Borough Council,27
OrganisationLabel,Eastleigh Borough Council,25
OrganisationLabel,Breckland District Council,25
OrganisationLabel,South Tyneside Council,24
OrganisationLabel,HPBC,24
OrganisationLabel,Rochford District Council,23
OrganisationLabel,Exeter,23
OrganisationLabel,Stevenage Borough Council,22
OrganisationLabel,South Northamptonshire Council,22
OrganisationLabel,SNH District Council,22
OrganisationLabel,High Peak Borough Council,22
OrganisationLabel,Torridge District Council,20
OrganisationLabel,Test Valley Borough Council,20
OrganisationLabel,Purbeck District Council,20
OrganisationLabel,Allerdale Borough Council,20
OrganisationLabel,Mansfield District Council,18
OrganisationLabel,Maldon District Council,18
OrganisationLabel,Fenland District Council,18
OrganisationLabel,Epsom and Ewell Borough Council,18
OrganisationLabel,Cambridge City Council,18
OrganisationLabel,Borough Council of Wellingborough,18
OrganisationLabel,Malvern Hills District Council,17
OrganisationLabel,Redditch Borough Council,16
OrganisationLabel,North Dorset District Council,16
OrganisationLabel,Corby Borough Council,16
OrganisationLabel,Yorkshire Dales National Park Authority,15
OrganisationLabel,Tewkesbury,15
OrganisationLabel,Richmondshire District Council,15
OrganisationLabel,Hinckley and Bosworth,15
OrganisationLabel,Blaby District Council,15
OrganisationLabel,South Hams District Council,14
OrganisationLabel,London Legacy Development Corporation,14
OrganisationLabel,Kettering Borough Council,14
OrganisationLabel,Harborough District Council,14
OrganisationLabel,Dartmoor National Park Authority,14
OrganisationLabel,City of Lincoln Council,14
OrganisationLabel,West Somerset Council,13
OrganisationLabel,Darlington,13
OrganisationLabel,South Kesteven District Council,12
OrganisationLabel,Tonbridge and Malling Borough Council,11
OrganisationLabel,Rugby Borough Council,11
OrganisationLabel,North York Moors National Park Authority,11
OrganisationLabel,Mid Suffolk District Council,9
OrganisationLabel,City of London,9
OrganisationLabel,West Devon Borough Council,8
OrganisationLabel,LONDON BOROUGH OF HAVERING,8
OrganisationLabel,Horsham District Council (north) Horsham,7
OrganisationLabel,East Northamptonshire Council,7
OrganisationLabel,Ryedale District Council,6
OrganisationLabel,North Kesteven District Council,6
OrganisationLabel,Lake District National Park Authority,6
OrganisationLabel,Exmoor National Park Authority,6
OrganisationLabel,Rutland County Council,5
OrganisationLabel,Hambleton,5
OrganisationLabel,Peak District National Park,4
OrganisationLabel,East Hampshire District Council,4
OrganisationLabel,Babergh District Council,4
OrganisationLabel,waverley Borough Council,2
OrganisationLabel,Ribble Valley Borough Council,2
OrganisationLabel,Council of the Isles of Scilly,2
OrganisationLabel,Worthing Borough Counci,1
OrganisationLabel,Organisation Label,1
OrganisationLabel,Northumberland National Park Authority,1
OrganisationLabel,London borough of Havering,1
OrganisationLabel,LONDON BROUGH OF HAVERING,1
OrganisationLabel,Hertfordshire County Council,1
